id,name,email,password,created_at
1,Javier,marcos@hotmeil.com,$2b$08$MnYBQifbXTSijHELUmAmX.0yWd0L7vYDRx8zhj2iqIOTXMgwysgp2,"2022-08-18 17:46:45"
2,jdfjas,dsdf@guguel.com,dsfasda,"2022-08-18 17:49:07"
3,Ldura,laura@jajsjsjs.com,$2b$08$ZRgCtEtfw.ivDJfysuTkFup7XIO7aoy6690nYD93fvODIi7o6hAqq,"2022-08-18 17:52:27"
4,Carlos,carlosarroba.com,$2b$08$S.HNswo4mb9t74rjSwohs.PaY7CSmOVjEqzvYOGsfxTOFFpyYzTPe,"2022-08-18 20:00:39"
5,Lucia,lucia@email.com,$2b$08$ug30.jgiQWCTqE.wU.NPleW3ThaCaAFGtljsapfkbgUjrzcUZEAWK,"2022-08-18 20:13:06"
6,Estéfano,estefano@email.com,$2b$08$Tt941kBvzqC050Pt.jCYpeZY5OknhIy2RldVm/x.2rMzyk6SIft.K,"2022-08-18 20:14:21"
8,Valeria,valeria@imeil.com,$2b$08$F4R6BThSbC7Wj1SSqDJTLeNmNevZB3X6gghsnwre/HD5ZNakMp8fy,"2022-08-18 20:16:04"
9,Eugenio,valeria@eil.com,$2b$08$tObiGhwHkJiLu.NBpXFrwOzInng1okLIiBFgkW11boFbmEUZj5I8i,"2022-08-18 20:19:23"
10,María,mariadelao@jemeil.com,$2b$08$rolgLaBkCS0GUoK/LcxUR.Ia59GXaG9mpIYCHr6Da/KY/Dphs/WKO,"2022-08-18 21:59:47"
12,Juan,maMMMMMdelao@jemeil.com,$2b$08$wpXqUel3IKN2CoqmV.OUQewDD9VpNTPE1CYrW.ndJ8Ev55e9rIqa.,"2022-08-18 22:04:39"
14,"Marcos Lema",marcos@jemeil.com,$2b$08$16fvORLRMwfmcov0OUn6hukEeF48lxrJrVQjwSjKn1.5CcR1pNfLm,"2022-08-20 02:15:47"
15,Fredo,fredo@jemeil.com,$2b$08$GE1L32SGrWB6ZCN1lqYxz.R3ycEuRFZuid2ozrOsWkFhiwLvYfAa.,"2022-08-20 17:37:38"
16,cesar,cesar@jemeil.com,$2b$08$1UjKBLs16weyar2W8EH7LOMfVvfZOLe.2P.rIp9uXpIIE8jco7USO,"2022-08-22 15:21:29"
18,ssssss,ssss@jemeil.com,sfasfasfsd,"2022-08-22 16:14:02"
19,"Carmen Rodríguez Ferradáns",carmina@jemeil.com,1234,"2022-08-24 15:52:48"
20,Eleuterio,eleuterio@imeil.com,$2b$08$npvU0KrboP.e1kFxAHgJj.j7Z/9bWOEGT.SAKqXyZB2Asntq3pdxG,"2022-08-24 16:03:48"
21,Manoli,MANOLI@imeil.com,$2b$08$b.PRAw34jzxbG8EIgc8VAOXcJQGpFIrnt5FU73b5mVL2v7/CZ9LKS,"2022-08-24 16:27:27"
22,Meybin,meybin@imeil.com,$2b$08$Sf8V/Gi4meo41zfaouZ4BeNmtjA.FGU0xHu3aF/jzQPF2nyyaFhXm,"2022-08-24 18:26:45"
23,jesus,edelmiro@edelmail.com,$2b$08$EWRq/eD7burzTFuMEwx6y.XxEKmGL42UIGaISS5cdtKE2iQvn7Zre,"2022-08-24 21:43:17"
24,jesusin,edelmirolop@edelmail.com,$2b$08$hhSypWPOzuWUSputlOCtROm.RM/vn06hCOYp3PentQk3Hdpbn0iDC,"2022-08-24 21:43:59"
25,jesusino,edelmirolopez@edelmail.com,4321,"2022-08-24 22:14:04"
27,jesusinoddd,edelmirolopeddz@edelmail.com,4321,"2022-08-24 22:14:17"
29,eeeeeeee,eeeeeeeee@edelmail.com,4321,"2022-08-24 22:14:33"
32,josefran,josefran@edelmail.com,$2b$08$P4kvMzDt6G6EgJY464XaAeZHQ56HuCAOWqcMRMS9tv70II4fsonpC,"2022-08-24 22:34:14"
33,josefrancisco,josefranfff@edelmail.com,$2b$08$9.VpRg95DtAMwC/PniJgc.5rqpZsNdY9Q.Pk7Pg4iACfSm8d35z3S,"2022-08-24 22:53:37"
34,prueba2,prueba2@email.com,prueba2,"2022-08-25 11:20:21"
